{
    "ibsi_bond": {
        "1_C_to_2_C": 0.61188,
        "1_C_to_3_C": 0.02916,
        "1_C_to_4_C": 0.0069,
        "1_C_to_5_C": 0.02368,
        "1_C_to_7_C": 0.00507,
        "1_C_to_9_C": 0.0238,
        "1_C_to_10_H": 0.78179,
        "1_C_to_11_H": 0.78099,
        "1_C_to_12_H": 0.79796,
        "1_C_to_13_H": 0.00463,
        "1_C_to_14_H": 0.00462,
        "1_C_to_16_H": 0.00373,
        "1_C_to_19_H": 0.00927,
        "1_C_to_21_H": 0.00373,
        "2_C_to_3_C": 0.61173,
        "2_C_to_4_C": 0.27454,
        "2_C_to_5_C": 0.58853,
        "2_C_to_6_C": 0.04401,
        "2_C_to_7_C": 0.01587,
        "2_C_to_8_C": 0.04406,
        "2_C_to_9_C": 0.58915,
        "2_C_to_10_H": 0.04609,
        "2_C_to_11_H": 0.04607,
        "2_C_to_12_H": 0.04302,
        "2_C_to_13_H": 0.03761,
        "2_C_to_14_H": 0.03759,
        "2_C_to_15_H": 0.00839,
        "2_C_to_16_H": 0.03404,
        "2_C_to_19_H": 0.00951,
        "2_C_to_21_H": 0.03402,
        "3_C_to_4_C": 0.63994,
        "3_C_to_5_C": 0.10724,
        "3_C_to_9_C": 0.10716,
        "3_C_to_10_H": 0.0059,
        "3_C_to_11_H": 0.00586,
        "3_C_to_13_H": 0.79887,
        "3_C_to_14_H": 0.79507,
        "3_C_to_15_H": 0.02968,
        "3_C_to_16_H": 0.01424,
        "3_C_to_21_H": 0.01423,
        "4_C_to_5_C": 0.59259,
        "4_C_to_6_C": 0.05017,
        "4_C_to_8_C": 0.04999,
        "4_C_to_9_C": 0.59398,
        "4_C_to_13_H": 0.03845,
        "4_C_to_14_H": 0.03856,
        "4_C_to_15_H": 0.80016,
        "4_C_to_16_H": 0.03398,
        "4_C_to_17_H": 0.00488,
        "4_C_to_20_H": 0.00489,
        "4_C_to_21_H": 0.03409,
        "5_C_to_6_C": 0.61445,
        "5_C_to_7_C": 0.03641,
        "5_C_to_8_C": 0.07634,
        "5_C_to_9_C": 0.15397,
        "5_C_to_10_H": 0.00444,
        "5_C_to_12_H": 0.00427,
        "5_C_to_13_H": 0.00481,
        "5_C_to_14_H": 0.01573,
        "5_C_to_15_H": 0.02858,
        "5_C_to_16_H": 0.80052,
        "5_C_to_17_H": 0.03673,
        "5_C_to_19_H": 0.00817,
        "5_C_to_20_H": 0.00429,
        "5_C_to_21_H": 0.00595,
        "6_C_to_7_C": 0.69035,
        "6_C_to_8_C": 0.6958,
        "6_C_to_9_C": 0.07658,
        "6_C_to_12_H": 0.00202,
        "6_C_to_15_H": 0.00579,
        "6_C_to_16_H": 0.03637,
        "6_C_to_17_H": 0.8134,
        "6_C_to_18_H": 0.04182,
        "6_C_to_19_H": 0.03917,
        "6_C_to_20_H": 0.0367,
        "6_C_to_21_H": 0.00335,
        "7_C_to_8_C": 0.6888,
        "7_C_to_9_C": 0.03661,
        "7_C_to_12_H": 0.00618,
        "7_C_to_16_H": 0.00285,
        "7_C_to_17_H": 0.03893,
        "7_C_to_18_H": 0.80896,
        "7_C_to_19_H": 0.82262,
        "7_C_to_20_H": 0.03897,
        "7_C_to_21_H": 0.00285,
        "8_C_to_9_C": 0.61512,
        "8_C_to_12_H": 0.00204,
        "8_C_to_15_H": 0.00581,
        "8_C_to_16_H": 0.00335,
        "8_C_to_17_H": 0.03678,
        "8_C_to_18_H": 0.04178,
        "8_C_to_19_H": 0.03889,
        "8_C_to_20_H": 0.81307,
        "8_C_to_21_H": 0.03635,
        "9_C_to_11_H": 0.00447,
        "9_C_to_12_H": 0.00433,
        "9_C_to_13_H": 0.01567,
        "9_C_to_14_H": 0.00486,
        "9_C_to_15_H": 0.02857,
        "9_C_to_16_H": 0.00592,
        "9_C_to_17_H": 0.00429,
        "9_C_to_19_H": 0.00815,
        "9_C_to_20_H": 0.03671,
        "9_C_to_21_H": 0.79855,
        "10_H_to_11_H": 0.05757,
        "10_H_to_12_H": 0.05797,
        "10_H_to_13_H": 0.00086,
        "10_H_to_14_H": 0.00223,
        "10_H_to_16_H": 0.00154,
        "10_H_to_19_H": 0.00103,
        "11_H_to_12_H": 0.05791,
        "11_H_to_13_H": 0.00216,
        "11_H_to_14_H": 0.00087,
        "11_H_to_19_H": 0.00104,
        "11_H_to_21_H": 0.00157,
        "12_H_to_19_H": 0.01813,
        "13_H_to_14_H": 0.05314,
        "13_H_to_15_H": 0.00426,
        "13_H_to_21_H": 0.00668,
        "14_H_to_15_H": 0.00426,
        "14_H_to_16_H": 0.00671,
        "15_H_to_16_H": 0.004,
        "15_H_to_17_H": 0.0012,
        "15_H_to_20_H": 0.00121,
        "15_H_to_21_H": 0.004,
        "16_H_to_17_H": 0.00622,
        "17_H_to_18_H": 0.00862,
        "17_H_to_19_H": 0.00291,
        "17_H_to_20_H": 0.00667,
        "18_H_to_19_H": 0.05203,
        "18_H_to_20_H": 0.00865,
        "19_H_to_20_H": 0.00291,
        "20_H_to_21_H": 0.00623
    },
    "fuzzy_bond": {
        "1_C_to_2_C": 1.1320677,
        "1_C_to_3_C": 0.06278666,
        "1_C_to_10_H": 0.8948379,
        "1_C_to_11_H": 0.89535529,
        "1_C_to_12_H": 0.8896822,
        "2_C_to_3_C": 0.98652356,
        "2_C_to_4_C": 0.20796905,
        "2_C_to_5_C": 0.93248368,
        "2_C_to_6_C": 0.05300685,
        "2_C_to_8_C": 0.05310545,
        "2_C_to_9_C": 0.93262231,
        "2_C_to_10_H": 0.05244607,
        "2_C_to_11_H": 0.05241109,
        "3_C_to_4_C": 1.03457564,
        "3_C_to_5_C": 0.12533353,
        "3_C_to_9_C": 0.12532515,
        "3_C_to_13_H": 0.88278087,
        "3_C_to_14_H": 0.88285522,
        "4_C_to_5_C": 0.95453624,
        "4_C_to_6_C": 0.07011789,
        "4_C_to_8_C": 0.07014577,
        "4_C_to_9_C": 0.95444353,
        "4_C_to_15_H": 0.87644174,
        "5_C_to_6_C": 1.04422103,
        "5_C_to_7_C": 0.05837908,
        "5_C_to_8_C": 0.07475189,
        "5_C_to_9_C": 0.13645753,
        "5_C_to_16_H": 0.86405913,
        "6_C_to_7_C": 1.05782071,
        "6_C_to_8_C": 0.98783445,
        "6_C_to_9_C": 0.07468849,
        "6_C_to_17_H": 0.87210593,
        "7_C_to_8_C": 1.05772261,
        "7_C_to_9_C": 0.05841822,
        "7_C_to_18_H": 0.89230797,
        "7_C_to_19_H": 0.86218392,
        "8_C_to_9_C": 1.04433599,
        "8_C_to_20_H": 0.8718512,
        "9_C_to_21_H": 0.86246428
    }
}