{
    "mbis": {
        "charge": {
            "1_C": -0.27275445,
            "2_C": 0.03726884,
            "3_C": -0.2086096,
            "4_C": -0.09927678,
            "5_C": -0.07211863,
            "6_C": -0.12234191,
            "7_C": -0.24867117,
            "8_C": -0.12213936,
            "9_C": -0.07228029,
            "10_H": 0.09604216,
            "11_H": 0.09608389,
            "12_H": 0.09055474,
            "13_H": 0.08644478,
            "14_H": 0.0866533,
            "15_H": 0.09131936,
            "16_H": 0.08731243,
            "17_H": 0.10745468,
            "18_H": 0.11909792,
            "19_H": 0.12520807,
            "20_H": 0.10743694,
            "21_H": 0.0873707
        }
    },
    "becke": {
        "charge": {
            "1_C": -0.25223672,
            "2_C": 0.13691401,
            "3_C": -0.15930226,
            "4_C": -0.02271894,
            "5_C": 0.00282455,
            "6_C": -0.01005033,
            "7_C": -0.17146641,
            "8_C": -0.01012072,
            "9_C": 0.00274209,
            "10_H": 0.06333984,
            "11_H": 0.06330708,
            "12_H": 0.06080638,
            "13_H": 0.03486435,
            "14_H": 0.03481622,
            "15_H": 0.01780582,
            "16_H": 0.02503342,
            "17_H": 0.02290911,
            "18_H": 0.03821601,
            "19_H": 0.07438067,
            "20_H": 0.02294,
            "21_H": 0.02499584
        },
        "dipole": {
            "mag": 0.02717,
            "xyz": [
                -0.007772,
                0.02023,
                0.016387
            ]
        },
        "atomic_dipole": {
            "1_C": [
                -0.005854,
                -0.337174,
                0.027077
            ],
            "2_C": [
                -0.027584,
                -0.280138,
                0.070387
            ],
            "3_C": [
                -0.180486,
                0.013239,
                0.383442
            ],
            "4_C": [
                -0.036815,
                0.440763,
                0.059882
            ],
            "5_C": [
                -0.391351,
                0.008953,
                -0.111385
            ],
            "6_C": [
                -0.19487,
                0.160704,
                -0.337007
            ],
            "7_C": [
                0.101325,
                -0.341206,
                -0.201243
            ],
            "8_C": [
                0.378382,
                0.171786,
                -0.067798
            ],
            "9_C": [
                0.335225,
                0.0235,
                0.230049
            ],
            "10_H": [
                -0.166445,
                -0.103108,
                0.030671
            ],
            "11_H": [
                0.085177,
                -0.097929,
                0.149762
            ],
            "12_H": [
                0.05644,
                -0.145939,
                -0.112641
            ],
            "13_H": [
                0.065426,
                0.011975,
                0.197682
            ],
            "14_H": [
                -0.194206,
                0.006834,
                0.075733
            ],
            "15_H": [
                -0.007754,
                0.201181,
                0.008029
            ],
            "16_H": [
                -0.200096,
                0.002252,
                -0.037929
            ],
            "17_H": [
                -0.056073,
                0.110169,
                -0.148818
            ],
            "18_H": [
                0.080902,
                -0.034566,
                -0.170807
            ],
            "19_H": [
                0.000669,
                -0.190742,
                0.006577
            ],
            "20_H": [
                0.146718,
                0.11413,
                -0.053602
            ],
            "21_H": [
                0.15679,
                0.009349,
                0.129648
            ]
        }
    },
    "vdd": {
        "charge": {
            "1_C": -0.04590391,
            "2_C": -0.01206203,
            "3_C": -0.04479443,
            "4_C": -0.02943144,
            "5_C": -0.01845915,
            "6_C": -0.05590368,
            "7_C": -0.05566831,
            "8_C": -0.05373482,
            "9_C": -0.01943825,
            "10_H": 0.02827736,
            "11_H": 0.02800318,
            "12_H": 0.01614648,
            "13_H": 0.01675344,
            "14_H": 0.01708874,
            "15_H": 0.02970993,
            "16_H": 0.02790709,
            "17_H": 0.03359955,
            "18_H": 0.03281733,
            "19_H": 0.04370507,
            "20_H": 0.03412747,
            "21_H": 0.02726038
        },
        "dipole": {
            "mag": 0.123581,
            "xyz": [
                0.001345,
                0.123482,
                -0.004764
            ]
        }
    },
    "chelpg": {
        "charge": {
            "1_C": -0.2153071432,
            "2_C": 0.2876739336,
            "3_C": -0.1706405797,
            "4_C": 0.060220461,
            "5_C": -0.0868779605,
            "6_C": -0.0198809011,
            "7_C": -0.3255319443,
            "8_C": -0.018598089,
            "9_C": -0.0767315515,
            "10_H": 0.0413700736,
            "11_H": 0.040894082,
            "12_H": 0.0608395513,
            "13_H": 0.0313102377,
            "14_H": 0.0314987408,
            "15_H": -0.0061680473,
            "16_H": 0.0229325239,
            "17_H": 0.05236896,
            "18_H": 0.1273413858,
            "19_H": 0.0941311207,
            "20_H": 0.0508718933,
            "21_H": 0.566775
        }
    },
    "adch": {
        "charge": {
            "1_C": -0.23708757,
            "2_C": -0.0033669,
            "3_C": -0.18489631,
            "4_C": -0.10410266,
            "5_C": -0.08838157,
            "6_C": -0.12309978,
            "7_C": -0.19647192,
            "8_C": -0.1231553,
            "9_C": -0.08835742,
            "10_H": 0.08984652,
            "11_H": 0.08985359,
            "12_H": 0.08633073,
            "13_H": 0.08434444,
            "14_H": 0.08432431,
            "15_H": 0.10269039,
            "16_H": 0.09582766,
            "17_H": 0.10837509,
            "18_H": 0.11429268,
            "19_H": 0.08879279,
            "20_H": 0.10839898,
            "21_H": 0.09584225
        },
        "dipole": {
            "mag": 0.0265005,
            "xyz": [
                -0.007934,
                0.019921,
                0.015572
            ]
        },
        "atomic_dipole": {
            "1_C": [
                -0.001804,
                -0.013351,
                0.004521
            ],
            "2_C": [
                -0.000468,
                0.088648,
                -0.002644
            ],
            "3_C": [
                0.017812,
                0.000843,
                -0.038026
            ],
            "4_C": [
                0.00682,
                -0.079722,
                -0.011108
            ],
            "5_C": [
                0.037006,
                0.001894,
                0.04765
            ],
            "6_C": [
                0.042591,
                -0.013562,
                0.020658
            ],
            "7_C": [
                -0.011738,
                0.023434,
                0.023987
            ],
            "8_C": [
                -0.042609,
                -0.01526,
                -0.019356
            ],
            "9_C": [
                -0.060461,
                -1.8e-05,
                0.00187
            ],
            "10_H": [
                0.129151,
                0.043657,
                -0.017539
            ],
            "11_H": [
                -0.069668,
                0.039531,
                -0.111685
            ],
            "12_H": [
                -0.047282,
                0.079525,
                0.096163
            ],