{
    "hirsh_fuzzy_density": {
        "1_C": 0.0,
        "2_C": 0.0,
        "3_C": 0.0,
        "4_C": 0.0,
        "5_C": 0.0,
        "6_C": 0.0,
        "7_C": 0.0,
        "8_C": 0.0,
        "9_C": 0.0,
        "10_H": 0.0,
        "11_H": 0.0,
        "12_H": 0.0,
        "13_H": 0.0,
        "14_H": 0.0,
        "15_H": 0.0,
        "16_H": 0.0,
        "17_H": 0.0,
        "18_H": 0.0,
        "19_H": 0.0,
        "20_H": 0.0,
        "21_H": 0.0,
        "sum": 0.0,
        "abs_sum": 0.0
    },
    "mbis_fuzzy_density": {
        "1_C": 6.27183939,
        "2_C": 5.96275162,
        "3_C": 6.20867148,
        "4_C": 6.09930089,
        "5_C": 6.07213908,
        "6_C": 6.12210132,
        "7_C": 6.24836534,
        "8_C": 6.12214136,
        "9_C": 6.07224897,
        "10_H": 0.9037322,
        "11_H": 0.90380525,
        "12_H": 0.91006061,
        "13_H": 0.91354685,
        "14_H": 0.91359264,
        "15_H": 0.90870504,
        "16_H": 0.91279176,
        "17_H": 0.89264374,
        "18_H": 0.88086624,
        "19_H": 0.87525786,
        "20_H": 0.89255754,
        "21_H": 0.9128488,
        "sum": 65.99996795,
        "abs_sum": 65.99996795
    },
    "becke_fuzzy_density": {
        "1_C": 6.44778521,
        "2_C": 6.159973,
        "3_C": 6.33522182,
        "4_C": 6.21063239,
        "5_C": 6.20593642,
        "6_C": 6.23783571,
        "7_C": 6.34602977,
        "8_C": 6.23783209,
        "9_C": 6.20614946,
        "10_H": 0.8097247,
        "11_H": 0.80959383,
        "12_H": 0.81044884,
        "13_H": 0.81109314,
        "14_H": 0.81108196,
        "15_H": 0.7989584,
        "16_H": 0.79174107,
        "17_H": 0.79064844,
        "18_H": 0.80544561,
        "19_H": 0.79163051,
        "20_H": 0.79059133,
        "21_H": 0.79161427,
        "sum": 65.99996795,
        "abs_sum": 65.99996795
    },
    "elf_fuzzy": {
        "1_C": 31.16671163,
        "2_C": 20.41825516,
        "3_C": 28.35697777,
        "4_C": 25.6148058,
        "5_C": 24.10000434,
        "6_C": 26.39656063,
        "7_C": 30.85409075,
        "8_C": 26.39173899,
        "9_C": 24.10551717,
        "10_H": 29.6809092,
        "11_H": 29.65532049,
        "12_H": 21.00584384,
        "13_H": 28.02044646,
        "14_H": 28.02059034,
        "15_H": 30.76622885,
        "16_H": 27.24422167,
        "17_H": 27.78714718,
        "18_H": 28.92827097,
        "19_H": 16.81890692,
        "20_H": 27.78798796,
        "21_H": 27.24458783,
        "sum": 560.36512397,
        "abs_sum": 560.36512397
    }
}