{
    "convert": 0.03866696357727051,
    "fuzzy_full": 0.0006015300750732422,
    "charge_separate": 0.0008022785186767578,
    "bond_separate": 0.00048542022705078125,
    "qtaim": 0.34209251403808594,
    "other": 2.8458175659179688,
    "hirshfeld": 0.629225492477417,
    "adch": 0.6130633354187012,
    "cm5": 0.6361668109893799,
    "becke": 0.6281018257141113,
    "vdd": 0.6150071620941162,
    "mbis": 1.872105360031128,
    "chelpg": 1.7435309886932373,
    "fuzzy_bond": 0.18841981887817383,
    "ibsi_bond": 0.5037508010864258,
    "becke_fuzzy_density": 0.9256079196929932,
    "hirsh_fuzzy_density": 1.4005753993988037,
    "elf_fuzzy": 2.940812587738037,
    "mbis_fuzzy_density": 7.309387922286987
}