{
    "convert": 0.05775856971740723,
    "fuzzy_full": 0.00081634521484375,
    "charge_separate": 0.0005552768707275391,
    "bond_separate": 0.0004990100860595703,
    "qtaim": 0.35145068168640137,
    "other": 2.9337916374206543,
    "hirshfeld": 0.6106741428375244,
    "adch": 0.6310398578643799,
    "cm5": 0.6109793186187744,
    "becke": 0.6328561305999756,
    "vdd": 0.6101169586181641,
    "mbis": 1.8261604309082031,
    "chelpg": 1.676706314086914,
    "fuzzy_bond": 0.16481447219848633,
    "ibsi_bond": 0.4784514904022217,
    "becke_fuzzy_density": 0.9145119190216064,
    "hirsh_fuzzy_density": 1.4240951538085938,
    "elf_fuzzy": 2.9028549194335938,
    "mbis_fuzzy_density": 7.306635141372681
}