{
    "convert": 0.03940439224243164,
    "fuzzy_full": 0.0005888938903808594,
    "charge_separate": 0.0004591941833496094,
    "bond_separate": 0.0004200935363769531,
    "qtaim": 0.3335723876953125,
    "other": 2.8819632530212402,
    "hirshfeld": 0.6894514560699463,
    "adch": 0.6664559841156006,
    "cm5": 0.6692283153533936,
    "becke": 0.7500479221343994,
    "vdd": 0.673905611038208,
    "mbis": 2.027099370956421,
    "chelpg": 1.9143016338348389,
    "fuzzy_bond": 0.2566046714782715,
    "ibsi_bond": 0.5672509670257568,
    "becke_fuzzy_density": 1.0436022281646729,
    "hirsh_fuzzy_density": 1.5826458930969238,
    "elf_fuzzy": 3.2495625019073486,
    "mbis_fuzzy_density": 8.061452865600586
}