{
    "convert": 0.03866696357727051,
    "fuzzy_full": 0.0006015300750732422,
    "charge_separate": 0.0008022785186767578,
    "bond_separate": 0.00048542022705078125,
    "qtaim": 0.34209251403808594,
    "other": 2.8458175659179688,
    "hirshfeld": 0.6107590198516846,
    "adch": 0.620105504989624,
    "cm5": 0.6165733337402344,
    "becke": 0.638512372970581,
    "vdd": 0.6181361675262451,
    "mbis": 1.83375883102417,
    "chelpg": 1.7218248844146729,
    "fuzzy_bond": 0.17710280418395996,
    "ibsi_bond": 0.47718119621276855,
    "becke_fuzzy_density": 0.9031751155853271,
    "hirsh_fuzzy_density": 1.4048645496368408,
    "elf_fuzzy": 2.9078707695007324,
    "mbis_fuzzy_density": 7.331610918045044
}